{
  "timestamp": "2026-01-06T14:07:02.340211",
  "modules": {
    "quantum": {
      "entanglement_2qubits": {
        "num_qubits": 2,
        "entropy": 0.9999999997114609,
        "non_zero_states": 2,
        "max_probability": 0.5000000000000001
      },
      "entanglement_3qubits": {
        "num_qubits": 3,
        "entropy": 1.0,
        "non_zero_states": 4,
        "max_probability": 0.25
      },
      "entanglement_4qubits": {
        "num_qubits": 4,
        "entropy": 0.9999999999999999,
        "non_zero_states": 8,
        "max_probability": 0.12500000000000003
      },
      "entanglement_5qubits": {
        "num_qubits": 5,
        "entropy": 1.0,
        "non_zero_states": 16,
        "max_probability": 0.0625
      },
      "measurement_statistics": {
        "total_measurements": 1000,
        "measured_0": 506,
        "measured_1": 494,
        "ratio": 1.0242914979757085
      },
      "entanglement_strength": {
        "strengths": [
          0.0,
          0.05,
          0.1,
          0.15000000000000002,
          0.2,
          0.25,
          0.30000000000000004,
          0.35000000000000003,
          0.4,
          0.45,
          0.5,
          0.55,
          0.6000000000000001,
          0.65,
          0.7000000000000001,
          0.75,
          0.8,
          0.8500000000000001,
          0.9,
          0.9500000000000001,
          1.0
        ],
        "entropies": [
          -1.4426983636124553e-10,
          0.016620484979027503,
          0.05406096629370502,
          0.10513659513115474,
          0.16586055880849598,
          0.23332662836239523,
          0.30520004516371596,
          0.37950870009747717,
          0.4545388511829679,
          0.5287771156229351,
          0.6008760364043173,
          0.669632823150644,
          0.7339759410372192,
          0.792956586680932,
          0.8457432973133538,
          0.8916186015695937,
          0.9299770051546542,
          0.9603238400654304,
          0.9822746568165714,
          0.9955549401449953,
          0.9999999997114609
        ]
      },
      "emergent_laws": {
        "particle_pairs_created": 2,
        "landauer_energy_joules": 2.870978885078724e-15,
        "vacuum_energy": 0.2
      },
      "observer_decoherence": {
        "times": [
          1e-15,
          1.5998587196060574e-15,
          2.5595479226995332e-15,
          4.094915062380419e-15,
          6.5512855685954955e-15,
          1.0481131341546874e-14,
          1.67683293681101e-14,
          2.6826957952797274e-14,
          4.291934260128778e-14,
          6.866488450042998e-14,
          1.0985411419875572e-13,
          1.7575106248547965e-13,
          2.8117686979742364e-13,
          4.4984326689694534e-13,
          7.196856730011528e-13,
          1.151395399326448e-12,
          1.8420699693267164e-12,
          2.9470517025518096e-12,
          4.71486636345739e-12,
          7.543120063354607e-12,
          1.2067926406393265e-11,
          1.9306977288832457e-11,
          3.088843596477485e-11,
          4.941713361323838e-11,
          7.906043210907701e-11,
          1.264855216855296e-10,
          2.0235896477251556e-10,
          3.2374575428176533e-10,
          5.179474679231223e-10,
          8.28642772854686e-10,
          1.3257113655901108e-09,
          2.1209508879201927e-09,
          3.3932217718953295e-09,
          5.4286754393238595e-09,
          8.68511373751352e-09,
          1.3894954943731388e-08,
          2.2229964825261957e-08,
          3.556480306223129e-08,
          5.689866029018305e-08,
          9.102981779915227e-08,
          1.4563484775012443e-07,
          2.329951810515372e-07,
          3.727593720314938e-07,
          5.963623316594636e-07,
          9.540954763499963e-07,
          1.5264179671752365e-06,
          2.4420530945486548e-06,
          3.906939937054621e-06,
          6.250551925273976e-06,
          1e-05
        ],
        "coherences": [
          0.9999999999999669,
          0.999999999999947,
          0.9999999999999153,
          0.9999999999998646,
          0.9999999999997833,
          0.9999999999996533,
          0.9999999999994452,
          0.9999999999991125,
          0.99999999999858,
          0.9999999999977284,
          0.9999999999963657,
          0.9999999999941855,
          0.9999999999906977,
          0.9999999999851176,
          0.9999999999761903,
          0.9999999999619078,
          0.9999999999390579,
          0.9999999999025012,
          0.9999999998440158,
          0.9999999997504473,
          0.9999999996007509,
          0.9999999993612578,
          0.9999999989781028,
          0.9999999983651088,
          0.999999997384405,
          0.9999999958154177,
          0.9999999933052593,
          0.999999989289361,
          0.9999999828644907,
          0.9999999725856061,
          0.9999999561408434,
          0.9999999298315467,
          0.9999998877403906,
          0.9999998204004911,
          0.999999712666175,
          0.9999995403065144,
          0.9999992645554701,
          0.9999988233929156,
          0.9999981175955607,
          0.9999969884205442,
          0.9999951819026999,
          0.9999922917361617,
          0.9999876678953963,
          0.999980270447894,
          0.9999684356908116,
          0.9999495020427905,
          0.9999192116264691,
          0.9998707531480288,
          0.9997932313127139,
          0.9996692198282051
        ]
      }
    },
    "cosmic": {
      "earth_moon": {
        "duration_days": 27.3,
        "n_steps": 500,
        "total_energy": -3.806506014972905e+28,
        "energy_change_percent": 1.8015334595514226e-06,
        "center_of_mass": [
          -5.214724103799814e-09,
          -5.7152444976913145e-09,
          0.0
        ]
      },
      "inner_solar_system": {
        "duration_days": 365.25,
        "n_steps": 1000,
        "total_energy": -6.2019026936386e+33,
        "energy_change_percent": 8.420983535060574e-07,
        "bodies": [
          "Sun",
          "Mercury",
          "Venus",
          "Earth",
          "Mars"
        ]
      },
      "full_solar_system": {
        "duration_years": 5,
        "n_steps": 2000,
        "total_energy": -1.981412300059029e+35,
        "energy_change_percent": 1.6521339147560823e-07,
        "bodies": [
          "Sun",
          "Mercury",
          "Venus",
          "Earth",
          "Mars",
          "Jupiter",
          "Saturn",
          "Uranus",
          "Neptune"
        ]
      },
      "three_body_figure8": {
        "duration": 10000000.0,
        "n_steps": 1000,
        "energy_change_percent": 1.3483268354852594e-06
      },
      "binary_star": {
        "separation_au": 10.0,
        "duration_years": 10,
        "energy_change_percent": 7.420657795134204e-07
      }
    },
    "coherence": {
      "standard_evolution": {
        "stages": [
          "Planck Epoch",
          "Inflation",
          "Quark-Gluon Plasma",
          "Nucleosynthesis",
          "Recombination",
          "Dark Ages",
          "First Stars",
          "Galaxies",
          "Solar System",
          "Life",
          "Intelligence",
          "Now"
        ],
        "K": [
          1.0,
          1.055,
          1.1183,
          1.1921078,
          1.2795290386666667,
          1.3850901843566668,
          1.5156844017388666,
          1.682409685930142,
          1.9044877644729208,
          2.2187282456109525,
          2.7068484596453626,
          3.600108451328332
        ],
        "C": [
          0.2,
          0.211,
          0.22366000000000003,
          0.23842156000000003,
          0.2559058077333333,
          0.27701803687133336,
          0.30313688034777336,
          0.3364819371860284,
          0.38089755289458416,
          0.4437456491221905,
          0.5413696919290726,
          0.7200216902656664
        ],